"UniqueID","Popular.fctr","Popular.fctr.predict.Low.cor.X.glm.prob","Popular.fctr.predict.Low.cor.X.glm"
3,"N",0.12155089464328,"N"
4,"Y",0.222749630439218,"N"
6,"Y",0.533555474155034,"Y"
7,"N",0.482106702014787,"N"
8,"Y",0.820984044739393,"Y"
10,"N",0.0309646715580628,"N"
15,"N",0.861655383978355,"Y"
16,"Y",0.968801932521899,"Y"
17,"N",0.874138781115975,"Y"
19,"N",0.0367961659923738,"N"
20,"N",0.574742462207573,"Y"
23,"N",0.0247667693776114,"N"
24,"N",0.759920671016733,"Y"
27,"N",0.10591262979127,"N"
34,"N",0.057213917793238,"N"
36,"Y",0.963249405017325,"Y"
42,"N",0.0513279209896929,"N"
46,"N",0.0844089279740869,"N"
50,"Y",0.829219931204509,"Y"
53,"N",0.00525497774444974,"N"
54,"N",0.0154663028465082,"N"
57,"Y",0.0560375732982955,"N"
58,"N",0.000746580982688301,"N"
59,"N",0.969945985074484,"Y"
66,"N",0.034482246144965,"N"
69,"N",0.106416558676492,"N"
77,"N",0.00543892420700214,"N"
79,"N",0.683354998145254,"Y"
80,"N",0.396884888578331,"N"
84,"N",0.000433304610009173,"N"
85,"Y",0.857791746563332,"Y"
87,"Y",0.85065181394319,"Y"
92,"Y",0.0160868412311844,"N"
97,"N",0.0294588072218364,"N"
98,"Y",0.393169328988963,"N"
101,"N",0.0851176468405607,"N"
106,"N",0.0180840514258728,"N"
109,"N",2.08690610309589e-09,"N"
116,"Y",0.224151719771232,"N"
121,"N",0.0982351370236426,"N"
122,"N",0.000272723944143101,"N"
123,"Y",0.762290871639856,"Y"
126,"N",0.000125284229256251,"N"
127,"N",0.10209326000386,"N"
130,"Y",0.119686261270071,"N"
131,"Y",0.0793858722809685,"N"
134,"N",0.0148242704449924,"N"
137,"N",0.0982386695872653,"N"
139,"Y",0.73063610757101,"Y"
140,"N",0.0831008637858536,"N"
142,"N",0.0835777989131737,"N"
143,"N",0.0189290290402543,"N"
146,"N",1.72130699986518e-08,"N"
148,"N",0.0715039468833969,"N"
151,"N",0.218121898579628,"N"
154,"N",0.320518785874952,"N"
156,"Y",0.755897427386299,"Y"
161,"N",0.0614445822254133,"N"
164,"N",0.0314922502521878,"N"
166,"N",0.0216345600033638,"N"
170,"N",0.0363965189946614,"N"
171,"N",0.0242543201857341,"N"
179,"N",0.00126592549111439,"N"
188,"N",0.183285496735152,"N"
189,"N",4.87250276794988e-09,"N"
195,"N",7.45554552882355e-09,"N"
201,"N",0.124306227316841,"N"
204,"N",0.117096341339841,"N"
209,"N",0.130570790036678,"N"
212,"N",0.0713824462147745,"N"
218,"N",0.148298120188011,"N"
221,"N",0.957846193667378,"Y"
223,"N",1.90122081076472e-09,"N"
225,"N",0.0128440069927868,"N"
228,"N",0.000592707688938153,"N"
230,"N",0.201550114267411,"N"
238,"Y",0.933806449132817,"Y"
239,"N",0.044260134225838,"N"
242,"N",0.00350548665418828,"N"
246,"N",0.137867757973645,"N"
250,"N",2.64819510475274e-08,"N"
252,"Y",0.760978809196269,"Y"
255,"N",0.0147027814871869,"N"
258,"N",0.00810926418015372,"N"
259,"N",0.00800528663333548,"N"
260,"N",1.76005078319774e-09,"N"
265,"N",0.0140649817650701,"N"
266,"N",0.0483157391500951,"N"
270,"N",2.28687037149897e-09,"N"
274,"N",0.0223378007101681,"N"
278,"N",2.69482500188244e-09,"N"
280,"N",0.0627629080139963,"N"
284,"N",0.167476070425552,"N"
286,"N",0.117198756129194,"N"
288,"N",2.59797034494233e-09,"N"
300,"Y",0.682158300465273,"Y"
302,"N",0.0686970018508085,"N"
303,"N",0.19125073957035,"N"
304,"Y",0.863890411575849,"Y"
305,"N",0.270263346368121,"N"
312,"N",4.45212774287878e-09,"N"
328,"N",2.78596616745555e-09,"N"
334,"N",0.254108345105923,"N"
335,"Y",0.902005368694206,"Y"
338,"Y",0.762942387680491,"Y"
340,"Y",0.635362815479668,"Y"
345,"Y",0.736360358832074,"Y"
351,"N",0.00783561735786035,"N"
352,"N",0.0350999809898962,"N"
354,"N",0.263240866623948,"N"
359,"N",0.456044888565267,"N"
361,"Y",0.855312785957332,"Y"
363,"N",0.0742592496847777,"N"
367,"N",0.056661107428723,"N"
368,"Y",0.908796108371788,"Y"
373,"N",0.0508855243053546,"N"
378,"N",0.0105831448769421,"N"
388,"N",1.24772163904409e-09,"N"
390,"N",0.0151469637952845,"N"
394,"N",0.0490422069452092,"N"
395,"N",0.0334045725025458,"N"
396,"N",0.000976825087302485,"N"
400,"N",0.0036640219032536,"N"
405,"N",4.3623436211514e-09,"N"
407,"N",1.96632255001146e-09,"N"
411,"N",0.000960577261551779,"N"
415,"N",0.0263095162802437,"N"
416,"N",0.190045978179818,"N"
419,"N",0.719913975179743,"Y"
422,"N",0.533005782958103,"Y"
423,"N",0.348801841163773,"N"
427,"Y",0.888459083635786,"Y"
429,"N",0.0442933000132132,"N"
437,"N",0.00227426208076784,"N"
439,"N",1.27298648004127e-08,"N"
444,"Y",0.625769168080161,"Y"
446,"Y",0.523496644414815,"Y"
447,"N",2.22044604925031e-16,"N"
448,"N",0.0560035609978571,"N"
450,"Y",0.0763819053096518,"N"
454,"N",2.22044604925031e-16,"N"
456,"N",0.401689590709416,"N"
457,"N",0.259283293654495,"N"
459,"N",0.00302805856425737,"N"
460,"N",0.00311354825950702,"N"
461,"N",0.331215277179177,"N"
466,"N",0.0943452325856469,"N"
467,"N",0.0275605348343993,"N"
471,"N",0.0243428824705759,"N"
474,"N",0.126936142208202,"N"
477,"N",0.0110995531296325,"N"
479,"N",0.00084094443537166,"N"
480,"N",0.0993901700451802,"N"
481,"N",0.250636610517057,"N"
482,"N",1.0757037330293e-09,"N"
484,"N",1.86474406172183e-09,"N"
485,"N",0.0341598356028656,"N"
486,"N",0.0627014907941717,"N"
488,"N",0.220814780690461,"N"
493,"Y",0.36579586529332,"N"
494,"N",2.75392825029571e-09,"N"
497,"N",0.0491281131265642,"N"
498,"N",0.00452813572071351,"N"
501,"N",0.0903093494230943,"N"
502,"N",0.0372147944718995,"N"
507,"N",0.0679383221470966,"N"
508,"N",0.207648182254579,"N"
513,"N",2.41714120912961e-09,"N"
522,"Y",0.909364384051844,"Y"
523,"N",0.136130090930272,"N"
524,"N",0.0513494673343382,"N"
533,"N",2.22044604925031e-16,"N"
535,"N",1.5781560116814e-09,"N"
537,"N",0.0423159594224131,"N"
543,"N",0.0146832756725021,"N"
544,"N",2.22044604925031e-16,"N"
545,"N",0.0319191852334619,"N"
551,"N",8.00471284427365e-09,"N"
554,"Y",0.751857325083771,"Y"
555,"N",0.0196212509266867,"N"
559,"Y",0.954509581030345,"Y"
566,"N",0.231814924050921,"N"
567,"N",0.0774025240331895,"N"
573,"N",5.11812722650685e-09,"N"
576,"N",1.23205524629672e-08,"N"
577,"N",4.36859223204494e-09,"N"
580,"N",0.163141747030721,"N"
582,"Y",0.776894814546413,"Y"
586,"N",0.217475246993514,"N"
588,"N",0.0817285657029748,"N"
592,"N",0.0104542182719711,"N"
595,"N",0.0641414936681216,"N"
601,"Y",0.124948683612661,"N"
606,"N",0.0677260829818814,"N"
612,"Y",0.857420011405591,"Y"
613,"N",0.424258456190714,"N"
615,"N",2.44751791818981e-09,"N"
622,"Y",0.847854421563122,"Y"
624,"N",1.06571136948124e-09,"N"
631,"N",6.83302498257598e-05,"N"
632,"N",0.104077767077404,"N"
634,"N",0.0732535685687081,"N"
639,"N",0.0267358785211077,"N"
642,"N",0.00752416610237935,"N"
643,"N",2.1151798722005e-09,"N"
653,"N",0.123041385975037,"N"
657,"N",2.02757712885303e-09,"N"
661,"N",2.19555785167143e-09,"N"
662,"N",0.00893088391748516,"N"
666,"N",0.0804306190040412,"N"
667,"N",0.00691872000462766,"N"
671,"N",0.210452006416193,"N"
673,"N",0.000869465839537673,"N"
674,"N",0.103323962867468,"N"
675,"N",0.0956264957660772,"N"
677,"N",0.0496741972021668,"N"
678,"N",7.23830109105371e-09,"N"
679,"N",0.890804907458749,"Y"
683,"N",0.0796839521474467,"N"
690,"N",0.0945706062516501,"N"
692,"N",2.13577439219018e-09,"N"
693,"Y",0.0438135286419791,"N"
694,"N",2.20401420305706e-09,"N"
698,"N",0.0223146312880075,"N"
700,"N",0.127845733468706,"N"
708,"N",0.231488229281575,"N"
714,"Y",0.201205153632229,"N"
718,"Y",0.930245959389621,"Y"
722,"N",0.0149089154575593,"N"
729,"N",0.0115673750879526,"N"
730,"N",0.133760914223935,"N"
734,"N",0.0521128870345786,"N"
735,"N",0.383662996699999,"N"
736,"N",0.321114398794009,"N"
737,"N",0.0442392741862699,"N"
741,"N",0.0830313508207162,"N"
742,"Y",0.501086578201628,"Y"
745,"N",2.176806104931e-10,"N"
746,"N",0.0167007506478496,"N"
747,"N",0.527182278102698,"Y"
750,"N",0.173771773383755,"N"
756,"Y",0.195500275217552,"N"
758,"Y",0.176294749993794,"N"
759,"N",0.014722222201035,"N"
761,"N",2.22044604925031e-16,"N"
763,"Y",0.953149402714378,"Y"
765,"N",0.00543144421167497,"N"
767,"N",0.170789968548643,"N"
773,"N",0.0151771714335123,"N"
780,"N",0.0487844521935081,"N"
783,"N",0.00244698581295159,"N"
784,"N",0.318502688625232,"N"
788,"N",0.0498555619144468,"N"
789,"N",0.127900810023579,"N"
790,"N",0.00451459017397068,"N"
793,"N",0.0424352716511579,"N"
798,"N",0.0068288654748759,"N"
799,"N",0.0179374196212566,"N"
800,"N",1.9199213221622e-09,"N"
802,"Y",0.762017532301188,"Y"
804,"N",1.85824372025093e-09,"N"
805,"N",0.213800858704626,"N"
806,"N",5.02183789033564e-09,"N"
808,"N",0.0109676075772577,"N"
811,"N",0.687172348768946,"Y"
816,"N",0.00133974125504575,"N"
817,"N",0.00889426625246202,"N"
822,"N",0.0423663047249047,"N"
823,"N",2.65125374853123e-09,"N"
825,"Y",0.222845488372044,"N"
826,"N",2.02731065548933e-09,"N"
827,"N",2.22044604925031e-16,"N"
828,"Y",0.0609916485164139,"N"
842,"N",0.0160585473614812,"N"
847,"N",0.0138212523806016,"N"
850,"N",3.782465862707e-09,"N"
854,"N",3.38978685268605e-10,"N"
859,"N",0.0658109482062985,"N"
864,"N",2.14322233383566e-08,"N"
870,"N",1.31983495335858e-09,"N"
872,"N",0.00839668195558035,"N"
876,"N",2.51538186293363e-09,"N"
879,"N",0.0268328831274864,"N"
891,"N",0.00882938712002455,"N"
895,"N",0.029506217603635,"N"
897,"N",0.00373933178515143,"N"
899,"N",5.34454882894388e-09,"N"
900,"N",0.116323240725857,"N"
901,"N",0.0656056976811635,"N"
902,"N",7.32415639215448e-09,"N"
904,"N",6.66679100591316e-09,"N"
910,"N",0.0136942330331047,"N"
911,"N",0.0266018488764796,"N"
915,"N",3.15167133495654e-09,"N"
920,"N",0.04602619527701,"N"
922,"N",1.91947901449809e-09,"N"
923,"N",0.00748417853986026,"N"
930,"Y",0.907594583333378,"Y"
931,"N",1.7777220464493e-09,"N"
934,"N",0.0173469820161645,"N"
936,"N",0.0335844388572406,"N"
938,"N",0.296126515882649,"N"
943,"N",0.585148134792178,"Y"
948,"N",0.482829628260021,"N"
953,"N",0.0699242229654399,"N"
956,"N",0.0292008165914701,"N"
958,"N",0.0171916304796453,"N"
965,"N",2.22044604925031e-16,"N"
966,"Y",0.866026817509011,"Y"
969,"Y",0.14315947020263,"N"
974,"N",0.0978172573622482,"N"
976,"N",0.128670224798351,"N"
978,"N",0.000549352056716938,"N"
982,"N",0.0197935805501699,"N"
986,"Y",0.83801156822662,"Y"
991,"N",0.00195261724928342,"N"
995,"N",0.0928327916786017,"N"
1005,"N",1.48162503950109e-09,"N"
1006,"Y",0.801170279283353,"Y"
1007,"N",0.022317131521031,"N"
1009,"N",0.324568444597254,"N"
1011,"N",0.0399174357163487,"N"
1019,"Y",0.718337526137983,"Y"
1020,"N",0.817821011491914,"Y"
1032,"N",0.0883398116158769,"N"
1034,"N",0.0443273326352933,"N"
1041,"N",4.30454022082928e-09,"N"
1044,"N",0.0575469390332097,"N"
1047,"N",0.180091108477886,"N"
1053,"Y",0.637850780315068,"Y"
1054,"N",0.0149551699256643,"N"
1057,"N",3.96320318832425e-09,"N"
1065,"N",2.22044604925031e-16,"N"
1067,"Y",0.937209719873824,"Y"
1070,"N",0.0863360652590292,"N"
1073,"N",0.546930147125016,"Y"
1077,"N",0.0120179154856253,"N"
1079,"N",0.0372404361475987,"N"
1092,"Y",0.123206865797473,"N"
1093,"N",0.0252747436957374,"N"
1096,"Y",0.117021286071879,"N"
1098,"N",0.0362416055657808,"N"
1100,"N",0.0745324170365948,"N"
1114,"N",0.0447065339805026,"N"
1119,"N",0.022225650719817,"N"
1121,"N",0.582539699418433,"Y"
1125,"N",6.29160448010959e-10,"N"
1127,"N",0.198895674969248,"N"
1135,"N",0.136501231803604,"N"
1141,"N",0.00238810197231955,"N"
1143,"N",1.05829165255593e-09,"N"
1144,"N",4.89035397333792e-09,"N"
1145,"N",2.22044604925031e-16,"N"
1151,"N",0.852433715845889,"Y"
1152,"N",0.277427473668054,"N"
1153,"N",0.107180101530408,"N"
1154,"N",0.0661560165625038,"N"
1156,"Y",0.105959378907102,"N"
1163,"N",0.0157429285167047,"N"
1165,"N",1.12361277518553e-09,"N"
1169,"N",0.0536938645716543,"N"
1170,"N",0.00171039338006404,"N"
1174,"N",0.0928723786754797,"N"
1176,"N",0.00968988646419353,"N"
1181,"N",0.0206634754021711,"N"
1182,"N",0.000529698941908302,"N"
1184,"N",4.07865434102665e-09,"N"
1187,"Y",0.893707129304081,"Y"
1189,"N",0.0419505612050094,"N"
1192,"N",1.45527079751067e-09,"N"
1197,"N",1.49706837703233e-09,"N"
1198,"N",0.151482536111527,"N"
1205,"N",2.8193479149555e-09,"N"
1213,"N",0.0425782760527101,"N"
1214,"N",0.00327324819901581,"N"
1221,"N",0.011475258048852,"N"
1223,"N",0.0161857463241953,"N"
1226,"N",5.45415296114747e-09,"N"
1227,"N",7.57316564875716e-09,"N"
1228,"N",2.22044604925031e-16,"N"
1237,"N",0.126769276374317,"N"
1238,"Y",0.934246714464547,"Y"
1241,"N",0.916813824600928,"Y"
1242,"N",0.000513659751028667,"N"
1243,"N",0.00121673450915287,"N"
1246,"Y",0.153154168395034,"N"
1248,"N",0.0130695168023431,"N"
1250,"N",9.00208587953682e-10,"N"
1253,"N",8.40499761881602e-10,"N"
1262,"N",0.0352067688524016,"N"
1264,"N",0.00501413068945174,"N"
1266,"N",0.0267898589380364,"N"
1269,"Y",0.143853918443006,"N"
1270,"Y",0.746138758920768,"Y"
1278,"N",0.0073971057877216,"N"
1280,"N",0.0120026431048109,"N"
1281,"N",2.06310420685051e-09,"N"
1286,"Y",0.584939462625845,"Y"
1287,"Y",0.942846191395503,"Y"
1288,"N",1.44354501935516e-09,"N"
1291,"N",0.152833217991914,"N"
1294,"N",4.75379207316291e-10,"N"
1296,"N",0.000599762457591607,"N"
1298,"Y",0.963062467852453,"Y"
1300,"N",0.0173387215602789,"N"
1301,"N",1.06633274802519e-08,"N"
1308,"N",0.221370864975854,"N"
1311,"N",3.28332917011904e-09,"N"
1314,"N",0.0568845488822789,"N"
1316,"N",0.0203469942297256,"N"
1320,"N",2.26241224686722e-09,"N"
1322,"N",0.809779375185233,"Y"
1323,"N",0.00272595870522117,"N"
1325,"N",0.688548171995172,"Y"
1328,"Y",0.677553516106704,"Y"
1330,"N",0.0952001719830679,"N"
1331,"N",0.198166362620963,"N"
1332,"N",2.52970496240113e-10,"N"
1333,"N",0.00778311500771793,"N"
1337,"N",9.49332171103608e-10,"N"
1338,"N",0.000587203455740433,"N"
1339,"N",0.00678642667876198,"N"
1344,"N",0.0691863311119343,"N"
1347,"Y",0.637352684313882,"Y"
1362,"N",0.0116433481305876,"N"
1365,"N",0.0149186894359047,"N"
1369,"N",0.266528003936362,"N"
1372,"N",0.0575780496843882,"N"
1373,"N",0.10363510809151,"N"
1378,"N",3.38337535330798e-09,"N"
1381,"N",0.102607338756884,"N"
1385,"N",1.13314400451859e-09,"N"
1386,"N",1.19323916666033e-09,"N"
1387,"N",0.0250761323298188,"N"
1389,"N",1.42462983849779e-09,"N"
1393,"N",0.00778989406632513,"N"
1394,"N",1.84015607651899e-09,"N"
1396,"N",9.35790111455658e-09,"N"
1402,"N",0.0374999085267961,"N"
1405,"N",0.0484994477390098,"N"
1406,"N",0.0155954032183614,"N"
1412,"N",2.22044604925031e-16,"N"
1416,"Y",0.767262839700908,"Y"
1419,"Y",0.483481756958826,"N"
1423,"N",0.00609677245723566,"N"
1424,"N",1.04180335603222e-09,"N"
1425,"N",0.00551627459837942,"N"
1430,"N",0.000851236892449689,"N"
1443,"N",0.0174698182114815,"N"
1446,"N",0.0575962492482572,"N"
1450,"Y",0.978037374967512,"Y"
1451,"N",0.0172613202802236,"N"
1454,"N",0.42401833216027,"N"
1456,"N",0.0417672366067915,"N"
1459,"N",0.217248351348042,"N"
1463,"N",0.145213545597225,"N"
1470,"N",0.0681717568011992,"N"
1475,"Y",0.960672091524713,"Y"
1476,"N",3.28546212086006e-09,"N"
1479,"N",2.22044604925031e-16,"N"
1482,"Y",0.187799913490461,"N"
1483,"Y",0.871749450240894,"Y"
1494,"N",0.042731520361602,"N"
1495,"N",0.0678747344906891,"N"
1498,"N",0.0153026525615222,"N"
1499,"N",0.0498232871347812,"N"
1500,"N",0.0198087612266729,"N"
1503,"N",2.22044604925031e-16,"N"
1504,"N",0.0236875392584057,"N"
1511,"N",0.0194476310807031,"N"
1512,"N",6.77035076812921e-08,"N"
1514,"N",0.0225341156253212,"N"
1522,"N",0.145474361341438,"N"
1524,"N",0.0271829914563267,"N"
1531,"N",0.00890427127366277,"N"
1533,"N",0.108740884526175,"N"
1536,"Y",0.15618292441532,"N"
1540,"N",0.0479929254474257,"N"
1544,"N",0.0286156143269382,"N"
1547,"N",0.030165194271491,"N"
1549,"N",0.0143869401048267,"N"
1553,"N",0.0351321091585334,"N"
1555,"N",0.139359058828502,"N"
1560,"Y",0.3306625016337,"N"
1562,"N",0.163072660369209,"N"
1563,"N",1.96562186293377e-09,"N"
1564,"Y",0.752493510119524,"Y"
1568,"N",3.03884689201825e-08,"N"
1569,"N",8.48854132290729e-10,"N"
1572,"Y",0.254891402817315,"N"
1574,"N",0.0582609195387679,"N"
1575,"N",3.11679477465956e-09,"N"
1577,"Y",0.763236195632818,"Y"
1580,"N",0.0416113640492379,"N"
1582,"N",0.0508663522503981,"N"
1586,"N",9.78939890353371e-09,"N"
1594,"N",0.0461605045575658,"N"
1601,"N",0.009946627965907,"N"
1603,"N",3.57696468545643e-09,"N"
1604,"N",0.0454094120633978,"N"
1607,"N",0.169651195304124,"N"
1617,"N",0.0214129142855654,"N"
1623,"N",0.0487568998915108,"N"
1628,"N",0.0458643307851339,"N"
1631,"N",0.0494689536307893,"N"
1632,"N",0.00100720390838273,"N"
1633,"N",0.0569943027246558,"N"
1640,"N",0.0310008815073964,"N"
1654,"N",1.04688121710205e-11,"N"
1655,"Y",0.778034923765488,"Y"
1657,"N",0.0101085088274048,"N"
1661,"N",1.77057584981269e-09,"N"
1663,"N",0.115438945161525,"N"
1668,"N",0.0298718929819749,"N"
1669,"N",0.0337231866492557,"N"
1673,"N",0.0100818063064623,"N"
1674,"N",0.00205811045700712,"N"
1675,"N",0.00943407414395837,"N"
1676,"N",0.017485899839378,"N"
1680,"N",0.130965331509235,"N"
1682,"N",0.122867221464899,"N"
1687,"N",0.0151735319346783,"N"
1688,"N",0.00116558392212525,"N"
1694,"N",0.0720684839099794,"N"
1701,"N",0.00261480979399297,"N"
1704,"N",5.56361461535614e-09,"N"
1706,"Y",0.573896939397631,"Y"
1708,"N",6.28373687106173e-10,"N"
1712,"N",0.0531120320923433,"N"
1713,"N",1.3266408700134e-09,"N"
1717,"N",0.0447572685167389,"N"
1720,"N",8.53346449326556e-09,"N"
1721,"N",0.004768778079126,"N"
1722,"N",2.29989585308867e-09,"N"
1723,"N",5.8056956845022e-09,"N"
1725,"N",0.00556076664988866,"N"
1726,"N",0.0543202882042314,"N"
1728,"N",2.22044604925031e-16,"N"
1730,"N",2.18592752733645e-09,"N"
1731,"Y",0.867804313528071,"Y"
1733,"Y",0.26108113580353,"N"
1739,"N",0.0264100346079888,"N"
1746,"N",0.0122942798982123,"N"
1750,"N",0.00366091371259239,"N"
1754,"N",0.0410045514049703,"N"
1765,"N",0.0640152403457756,"N"
1766,"N",9.81003638847981e-10,"N"
1769,"N",0.0474567949384926,"N"
1773,"N",0.00956444428334168,"N"
1774,"N",0.0655845752044897,"N"
1778,"Y",0.317974480654729,"N"
1780,"N",0.0268595485504542,"N"
1786,"N",0.00498294535228548,"N"
1788,"N",0.012331500999144,"N"
1789,"N",0.140582528108384,"N"
1794,"N",0.00305039098631879,"N"
1801,"N",3.46975155221259e-09,"N"
1806,"N",0.0848618429905768,"N"
1811,"N",0.00105292924671923,"N"
1812,"N",0.00332118480024647,"N"
1818,"N",0.128600813189702,"N"
1819,"N",0.0430437018685679,"N"
1826,"N",2.31230718383062e-09,"N"
1833,"N",0.065006280913052,"N"
1838,"N",0.0515057373086621,"N"
1841,"N",0.00853805478946987,"N"
1842,"N",0.0218587415994562,"N"
1844,"N",0.033173420458086,"N"
1848,"N",2.22044604925031e-16,"N"
1849,"N",0.00965539158395874,"N"
1850,"N",2.83470399147494e-09,"N"
1858,"N",0.0370602446065133,"N"
1859,"Y",0.911175490617094,"Y"
1860,"Y",0.951167892419374,"Y"
1864,"Y",0.792248584577915,"Y"
1866,"N",0.00368870324679929,"N"
1869,"N",0.0375091161158117,"N"
1871,"Y",0.206108781364624,"N"
1877,"N",0.064692773116229,"N"
1883,"N",3.0446994321945e-09,"N"
1887,"Y",0.928593806758058,"Y"
1890,"Y",0.610596787836765,"Y"
1892,"N",0.0431925779177003,"N"
1893,"N",0.0190241324928261,"N"
1895,"Y",0.806995363670477,"Y"
1896,"N",0.00902835937207658,"N"
1898,"N",2.22044604925031e-16,"N"
1900,"N",0.042397162006781,"N"
1903,"Y",0.805365500314594,"Y"
1907,"N",7.97307747450714e-10,"N"
1909,"N",0.0377011601765743,"N"
1911,"N",0.0384973177582578,"N"
1913,"N",2.9530277406866e-09,"N"
1918,"N",0.00575318758807662,"N"
1920,"N",0.0934918598359923,"N"
1921,"N",0.0776640976954341,"N"
1922,"N",0.305688542010825,"N"
1925,"N",0.00129112798151979,"N"
1935,"N",0.0601315143334779,"N"
1940,"N",0.0837410806161305,"N"
1943,"N",4.93626293940498e-10,"N"
1944,"N",0.0322601406060263,"N"
1945,"N",0.00275460543700828,"N"
1946,"N",7.55059813207933e-09,"N"
1951,"N",0.132860254399294,"N"
1952,"N",0.122940109916421,"N"
1954,"N",0.182848810877161,"N"
1957,"N",0.00662122949820599,"N"
1958,"N",0.0190731631585393,"N"
1959,"N",1.82958061036557e-09,"N"
1964,"N",2.54836095058066e-09,"N"
1965,"Y",0.791369133982788,"Y"
1966,"N",0.020994746754344,"N"
1972,"N",0.0504299362032513,"N"
1980,"N",0.0152573235797947,"N"
1981,"N",0.00159133668624789,"N"
1989,"N",0.00193269733263176,"N"
1991,"N",0.00864815854777068,"N"
1996,"Y",0.919080367784558,"Y"
1997,"Y",0.911500531670191,"Y"
2000,"N",0.0202890016891687,"N"
2001,"N",0.0438419961188703,"N"
2008,"N",0.0155926624005739,"N"
2010,"N",0.136273763961276,"N"
2011,"N",0.0516586594005879,"N"
2013,"N",0.13452169210169,"N"
2015,"N",0.0396047882668604,"N"
2016,"N",2.53249985111161e-10,"N"
2021,"N",0.0500525532123096,"N"
2026,"Y",0.0628279284496453,"N"
2027,"Y",0.173558316373944,"N"
2028,"N",0.0332786910029685,"N"
2033,"N",0.0534503374687848,"N"
2036,"N",0.0705373702555427,"N"
2038,"N",0.171097177921363,"N"
2039,"N",0.0769616884339802,"N"
2041,"N",0.110559413974551,"N"
2042,"N",0.0543651403807205,"N"
2043,"N",0.0666148206995332,"N"
2047,"N",2.53575734804986e-09,"N"
2049,"N",2.63800792829166e-09,"N"
2053,"N",1.61081270064363e-09,"N"
2054,"N",0.157277446530767,"N"
2057,"N",0.15270238938645,"N"
2060,"Y",0.174278821412614,"N"
2064,"N",1.05022131105037e-08,"N"
2066,"N",3.63651950105442e-08,"N"
2069,"N",0.0104141296226194,"N"
2071,"N",0.299969493839413,"N"
2072,"N",0.047078361258885,"N"
2075,"N",0.0291432184110198,"N"
2076,"N",2.35145956660435e-09,"N"
2078,"N",2.22044604925031e-16,"N"
2080,"N",0.138060306112955,"N"
2083,"Y",0.957229097168976,"Y"
2085,"N",0.0233948295783796,"N"
2090,"N",0.000830681846662748,"N"
2093,"N",1.37608701779983e-09,"N"
2096,"N",0.00740198940149046,"N"
2097,"N",3.5251624523552e-09,"N"
2101,"N",0.119512043209198,"N"
2102,"Y",0.765630479677402,"Y"
2104,"N",4.25222047759767e-10,"N"
2106,"N",2.22044604925031e-16,"N"
2111,"Y",0.982210452987889,"Y"
2113,"Y",0.988741522565392,"Y"
2117,"N",3.30054849880768e-09,"N"
2118,"N",0.00200465455682196,"N"
2122,"N",1.80960265226183e-08,"N"
2125,"Y",0.866905913191506,"Y"
2126,"N",0.635774064465928,"Y"
2127,"N",8.40057174067003e-09,"N"
2130,"N",1.2030129865105e-08,"N"
2131,"N",2.22044604925031e-16,"N"
2135,"N",0.0417825509745678,"N"
2137,"N",0.290397440358723,"N"
2142,"N",0.0510540381599864,"N"
2144,"Y",0.120920941037466,"N"
2149,"N",0.892314156000198,"Y"
2151,"N",0.000570844554487725,"N"
2153,"N",5.83102863743288e-09,"N"
2155,"N",0.0999785591940754,"N"
2158,"N",0.10963982207106,"N"
2159,"N",0.0738404889085956,"N"
2162,"N",0.182738649178705,"N"
2164,"N",0.0778960959591112,"N"
2169,"N",0.0240358113828377,"N"
2170,"N",0.0073303924990457,"N"
2173,"N",0.231396727265886,"N"
2176,"N",0.112930736680308,"N"
2178,"N",1.13145443111839e-09,"N"
2180,"Y",0.671857505867689,"Y"
2181,"N",0.0207679637049876,"N"
2183,"N",0.0429113102616458,"N"
2190,"N",0.0125144765446931,"N"
2200,"N",1.97360126763364e-09,"N"
2202,"Y",0.767386345171794,"Y"
2207,"N",0.213181553462918,"N"
2214,"N",0.0400815661642998,"N"
2217,"N",0.288193447906173,"N"
2219,"N",0.0290599348270315,"N"
2222,"N",0.0987552556688288,"N"
2224,"N",0.0162353225653368,"N"
2229,"N",0.0285963809301898,"N"
2233,"N",0.325487672399541,"N"
2239,"N",1.96690099628669e-09,"N"
2241,"N",2.22044604925031e-16,"N"
2243,"N",0.0187395194227202,"N"
2247,"Y",0.890936898985086,"Y"
2250,"N",0.112583733504623,"N"
2251,"N",0.0638217966123679,"N"
2259,"N",0.159649563350801,"N"
2261,"N",3.86022055675052e-09,"N"
2263,"N",0.00390644043117144,"N"
2266,"Y",0.96050763312223,"Y"
2270,"N",0.007372963629489,"N"
2276,"N",0.193658515097088,"N"
2277,"Y",0.132707416769539,"N"
2279,"N",0.0623487035841548,"N"
2280,"N",0.0912173074750049,"N"
2281,"N",0.0796349720561587,"N"
2289,"N",1.23924690620011e-09,"N"
2291,"Y",0.820042175829909,"Y"
2292,"N",2.80042051165166e-09,"N"
2295,"N",0.0258646809296492,"N"
2299,"N",0.178373583282563,"N"
2301,"N",1.71501450151273e-09,"N"
2302,"N",0.0015156228208785,"N"
2303,"N",0.0471077345189915,"N"
2305,"N",0.0544703719991651,"N"
2307,"N",1.65383210066595e-09,"N"
2311,"N",0.0112553473985858,"N"
2316,"N",3.38706507085273e-09,"N"
2324,"N",2.767155136967e-09,"N"
2329,"N",0.000106084150422386,"N"
2330,"Y",0.243328916571892,"N"
2333,"N",0.0287707736450507,"N"
2336,"N",2.71620571724258e-09,"N"
2338,"N",0.0142252097195601,"N"
2339,"N",0.24599032250493,"N"
2340,"N",0.00662051806633676,"N"
2341,"N",3.22759173034292e-09,"N"
2346,"Y",0.183334325459311,"N"
2348,"Y",0.0920458854438973,"N"
2350,"N",0.115919792816973,"N"
2353,"N",0.204475863534101,"N"
2356,"N",0.0193100470134738,"N"
2358,"N",0.046729685209809,"N"
2362,"N",0.0250104645181134,"N"
2363,"Y",0.831468659716255,"Y"
2367,"N",0.14976550756781,"N"
2368,"N",0.086124278008539,"N"
2369,"N",0.0599906738104821,"N"
2370,"Y",0.888333825901192,"Y"
2376,"N",0.0372914785315215,"N"
2381,"N",0.0282018500159507,"N"
2382,"N",0.76539182285302,"Y"
2385,"N",0.0148174666723079,"N"
2392,"N",0.242008162859712,"N"
2394,"N",0.00618711848886522,"N"
2396,"Y",0.716928590612673,"Y"
2398,"N",0.0731081129790789,"N"
2401,"N",0.0722290660449137,"N"
2408,"N",1.24000684445328e-09,"N"
2410,"N",0.0142826083871387,"N"
2411,"N",0.730159493134182,"Y"
2414,"Y",0.596332462773133,"Y"
2416,"N",0.00661477656346781,"N"
2417,"N",1.68998897618353e-09,"N"
2419,"N",0.3555512214994,"N"
2420,"N",0.398541580191978,"N"
2423,"N",2.02598046477943e-09,"N"
2426,"N",0.0873798979275194,"N"
2435,"N",0.397189088113595,"N"
2443,"N",0.0113245343231906,"N"
2446,"N",4.60199002622828e-09,"N"
2447,"N",0.0629846730768013,"N"
2453,"Y",0.127027923546184,"N"
2458,"Y",0.222128130542102,"N"
2463,"N",4.14766397046769e-09,"N"
2464,"Y",0.734934518231553,"Y"
2469,"N",0.00814711508126216,"N"
2478,"N",0.0456852851302777,"N"
2481,"N",0.06273660026866,"N"
2483,"N",0.1182485611214,"N"
2484,"N",0.00875641487707614,"N"
2486,"N",0.0848642382725082,"N"
2494,"N",0.0192432454236336,"N"
2496,"N",0.0368916719833743,"N"
2498,"N",0.171070400860981,"N"
2499,"N",0.00414086041128946,"N"
2501,"N",2.05151391189613e-09,"N"
2505,"N",0.00801905933423137,"N"
2508,"Y",0.732418803827936,"Y"
2510,"N",0.634806742813323,"Y"
2512,"Y",0.250510951675716,"N"
2522,"N",0.0795238605673064,"N"
2524,"N",3.15928517605853e-09,"N"
2526,"N",0.0587516485673725,"N"
2527,"Y",0.087538002579877,"N"
2530,"N",0.0173385091931515,"N"
2532,"N",0.0562428595161912,"N"
2534,"N",0.105039422709388,"N"
2536,"N",3.06412259675438e-10,"N"
2537,"N",1.13744078462648e-09,"N"
2548,"N",4.25946310844913e-09,"N"
2550,"N",0.0160226742983207,"N"
2556,"N",0.00881499138177084,"N"
2557,"N",0.225576305807898,"N"
2558,"N",0.0379781974019649,"N"
2559,"Y",0.805686009744669,"Y"
2561,"N",0.0752297567141038,"N"
2562,"N",0.0111774405164781,"N"
2565,"N",0.0850048132220198,"N"
2570,"N",0.000109699355341897,"N"
2574,"N",0.0565731562720326,"N"
2575,"Y",0.896173623258821,"Y"
2576,"N",1.35402425821865e-10,"N"
2584,"N",0.0131033728902835,"N"
2585,"N",0.641578833891827,"Y"
2590,"Y",0.842199413680788,"Y"
2592,"N",0.0354283889539872,"N"
2594,"N",1.73369840713683e-09,"N"
2595,"N",0.0291707265152468,"N"
2608,"N",0.0441758414688835,"N"
2610,"Y",0.989766214552593,"Y"
2611,"N",0.017272713206248,"N"
2616,"N",3.36738660549679e-09,"N"
2625,"N",0.0137905652574899,"N"
2628,"N",2.61474607881884e-09,"N"
2633,"N",7.28831858780711e-09,"N"
2635,"N",0.00930661936586544,"N"
2640,"N",0.0411762375962887,"N"
2642,"N",0.00662771659640953,"N"
2645,"N",0.246624238948196,"N"
2649,"N",0.00109659028845934,"N"
2655,"N",0.805764898984377,"Y"
2658,"Y",0.896504132470503,"Y"
2660,"N",0.00107965359382072,"N"
2667,"N",0.25424268547227,"N"
2669,"N",0.0897649650718105,"N"
2673,"Y",0.884774097907558,"Y"
2675,"Y",0.270078165521595,"N"
2677,"N",0.115237474516955,"N"
2681,"N",0.284267870541573,"N"
2682,"N",0.918261251585633,"Y"
2685,"N",5.54933586671398e-09,"N"
2687,"N",0.0019969159994799,"N"
2688,"N",3.74318420662509e-05,"N"
2690,"N",0.168589766945643,"N"
2693,"Y",0.211608480757055,"N"
2695,"N",0.194240521951928,"N"
2701,"N",0.151490082184982,"N"
2705,"N",0.00955199770076658,"N"
2706,"N",0.0266305417101723,"N"
2711,"N",0.015943187859502,"N"
2717,"N",0.0017967929949504,"N"
2721,"N",0.00203559604313932,"N"
2723,"N",0.0477138284455995,"N"
2726,"N",0.147016303623434,"N"
2729,"N",0.0044244145607814,"N"
2736,"N",2.46225943115643e-09,"N"
2739,"N",0.0930272505065751,"N"
2740,"N",0.355998901611027,"N"
2745,"N",0.0677528387395024,"N"
2746,"Y",0.802165584449134,"Y"
2751,"Y",0.465057234485239,"N"
2752,"Y",0.218674544407287,"N"
2756,"Y",0.412569360144953,"N"
2761,"N",7.46378599447504e-10,"N"
2764,"N",0.0458406641771614,"N"
2769,"N",3.63908032164704e-09,"N"
2770,"N",7.82946829162995e-10,"N"
2772,"N",3.17597440348425e-09,"N"
2774,"N",7.4878551276537e-09,"N"
2779,"N",0.0524251515891473,"N"
2783,"N",2.39393528990197e-09,"N"
2786,"N",0.030556160241177,"N"
2797,"N",0.0541645509778099,"N"
2798,"N",0.0211876080130155,"N"
2802,"N",3.21834497754482e-09,"N"
2811,"Y",0.722095192202984,"Y"
2817,"Y",0.151274700314028,"N"
2820,"Y",0.7900050929864,"Y"
2827,"N",0.050838676270677,"N"
2833,"N",0.0370033011301754,"N"
2834,"N",0.0648385908844629,"N"
2840,"N",0.0655324778865228,"N"
2841,"N",0.151859912421649,"N"
2847,"Y",0.632483678375331,"Y"
2848,"N",0.00707744507716131,"N"
2859,"N",0.00242760675081266,"N"
2860,"N",0.0180758289647475,"N"
2861,"N",0.0229499413922133,"N"
2862,"N",0.00417427403957351,"N"
2866,"N",0.0702811308855959,"N"
2868,"N",2.67484100013471e-09,"N"
2870,"N",0.152011834275376,"N"
2877,"N",1.01651422770424e-09,"N"
2883,"Y",0.193204805052424,"N"
2885,"N",0.010287574328781,"N"
2886,"N",0.0132734156722725,"N"
2894,"N",0.146278418764935,"N"
2897,"Y",0.200880761783075,"N"
2901,"Y",0.955963736905438,"Y"
2907,"N",0.000898160613833123,"N"
2908,"N",0.468522592491226,"N"
2909,"N",0.0250141480536382,"N"
2912,"N",0.0131297237887156,"N"
2913,"Y",0.131437408916959,"N"
2915,"N",0.00059522107568491,"N"
2918,"N",0.41108364760928,"N"
2920,"N",0.0409072429380287,"N"
2925,"N",0.0119876826895403,"N"
2928,"N",0.458201518475845,"N"
2929,"N",0.0503440332848664,"N"
2930,"N",0.128500585021967,"N"
2931,"N",0.0274182416208674,"N"
2934,"N",0.0415021247659147,"N"
2935,"N",0.0880732243940708,"N"
2938,"N",0.000489005941493762,"N"
2939,"N",2.97727032568825e-09,"N"
2942,"N",0.0117636795345985,"N"
2945,"Y",0.102649554363827,"N"
2953,"N",0.0254680154037427,"N"
2955,"N",0.345427909582016,"N"
2957,"N",0.0132826893046405,"N"
2958,"N",0.137361381287342,"N"
2961,"N",0.00106556402174176,"N"
2962,"N",0.676873206746772,"Y"
2963,"N",0.0527452725181473,"N"
2964,"N",0.0104649819548603,"N"
2965,"Y",0.793123338670669,"Y"
2970,"N",1.10777067468913e-08,"N"
2973,"N",1.32735529832172e-09,"N"
2974,"N",0.16468106653731,"N"
2977,"N",0.0137286482370502,"N"
2986,"N",0.0285476347539595,"N"
2988,"N",0.170693116713328,"N"
2989,"Y",0.928847019867867,"Y"
2991,"Y",0.144667602612578,"N"
2999,"N",3.77661760214917e-09,"N"
3000,"N",0.401036908337575,"N"
3002,"N",0.0101003162527555,"N"
3012,"Y",0.185359988658811,"N"
3016,"N",0.0334524876036809,"N"
3022,"Y",0.741493542175099,"Y"
3023,"N",0.069095649075931,"N"
3031,"N",0.0928133944837462,"N"
3032,"N",0.0428918276834214,"N"
3035,"Y",0.784822664807369,"Y"
3038,"N",0.0371623934179838,"N"
3041,"N",0.0462323264823375,"N"
3045,"N",0.00322768904630585,"N"
3049,"N",2.31296677291317e-09,"N"
3051,"N",0.191519308689008,"N"
3054,"N",0.060923476930391,"N"
3055,"Y",0.977898542660045,"Y"
3056,"N",0.0178536694530432,"N"
3060,"N",0.128784657834278,"N"
3063,"N",3.32500142114171e-09,"N"
3065,"N",0.0525147725710007,"N"
3072,"N",0.00649609275828006,"N"
3073,"N",0.154398400852637,"N"
3074,"Y",0.0991524326314308,"N"
3078,"N",0.0208258814355272,"N"
3079,"N",0.0164594324782337,"N"
3081,"N",3.10089932611128e-09,"N"
3086,"N",5.8850818551825e-09,"N"
3088,"N",0.260127863552194,"N"
3092,"N",0.00919946189922595,"N"
3093,"N",0.0620563600684638,"N"
3094,"N",0.0132951059177541,"N"
3097,"Y",0.54834150767673,"Y"
3102,"Y",0.16868775342978,"N"
3105,"N",0.0767526369803427,"N"
3110,"N",2.28029135987862e-09,"N"
3112,"N",0.0431651575913603,"N"
3114,"N",0.0221125762307934,"N"
3119,"N",0.0347934193042862,"N"
3123,"N",0.635737771460303,"Y"
3126,"N",0.0125591311868657,"N"
3129,"N",0.0488106426073155,"N"
3132,"N",0.0631245788302708,"N"
3136,"N",0.0084389563097273,"N"
3143,"N",4.36676428068035e-09,"N"
3144,"N",0.11873518977644,"N"
3148,"N",1.63774284519217e-09,"N"
3149,"N",0.0163396691415347,"N"
3151,"N",0.844972841740852,"Y"
3153,"N",0.0688612235623369,"N"
3155,"N",0.00712804404879071,"N"
3159,"N",3.80124173699039e-09,"N"
3163,"N",1.21836886873961e-08,"N"
3165,"N",0.110262211955747,"N"
3167,"N",0.408363477339436,"N"
3174,"N",2.47651732720368e-09,"N"
3177,"N",0.00272759473839347,"N"
3179,"N",4.62325793031971e-09,"N"
3180,"Y",0.897745921822464,"Y"
3181,"N",0.093217852922281,"N"
3183,"N",0.515788562321322,"Y"
3186,"N",1.03847748900065e-08,"N"
3187,"N",9.74056868732382e-10,"N"
3189,"Y",0.400032924576919,"N"
3191,"Y",0.652716944590215,"Y"
3195,"Y",0.979391018491059,"Y"
3196,"N",0.339644167858982,"N"
3197,"N",0.69552197300833,"Y"
3198,"N",0.317574395711159,"N"
3200,"Y",0.622525999671092,"Y"
3203,"N",0.0805539453522347,"N"
3204,"N",0.111791510884938,"N"
3208,"N",1.2691072484791e-08,"N"
3215,"N",0.167496443682887,"N"
3216,"Y",0.124619081088725,"N"
3218,"Y",0.977928389120786,"Y"
3219,"N",0.0744847933728306,"N"
3223,"N",0.382932374459286,"N"
3228,"Y",0.628955358677251,"Y"
3231,"Y",0.185549887391893,"N"
3232,"Y",0.857428134390005,"Y"
3233,"N",0.051387172790008,"N"
3236,"N",0.0691233821232871,"N"
3238,"N",3.58200319604003e-09,"N"
3239,"N",0.0398779616712052,"N"
3240,"Y",0.284311675263774,"N"
3242,"N",0.0504481865458459,"N"
3248,"N",0.0291793265633271,"N"
3249,"N",0.0160699631425584,"N"
3254,"N",0.00667879009643475,"N"
3255,"N",0.00842487217734388,"N"
3257,"Y",0.837796973431208,"Y"
3263,"Y",0.420039117992176,"N"
3264,"N",0.0162114288725941,"N"
3266,"N",0.0913837285108213,"N"
3267,"N",0.00145836400717799,"N"
3271,"N",0.0470865408321677,"N"
3272,"N",0.0324363248868492,"N"
3277,"N",6.31230140027127e-09,"N"
3282,"N",1.50129298034145e-09,"N"
3285,"N",0.121630963904853,"N"
3290,"N",0.223095457331776,"N"
3292,"Y",0.755126208125173,"Y"
3294,"N",0.00232649512584039,"N"
3299,"N",0.0483720750528621,"N"
3300,"Y",0.95092246266372,"Y"
3301,"N",0.270300121135826,"N"
3306,"Y",0.610281174052559,"Y"
3309,"N",4.66393994346665e-10,"N"
3312,"N",0.558999402682034,"Y"
3315,"N",0.0424598096287763,"N"
3316,"N",0.101340270791,"N"
3317,"N",0.227697395707531,"N"
3320,"N",0.0424064579082159,"N"
3321,"N",3.04072565790622e-09,"N"
3322,"N",0.0139447658194724,"N"
3324,"N",0.0126188663015994,"N"
3327,"N",0.0385218728006676,"N"
3328,"Y",0.935687167461967,"Y"
3331,"N",0.0246063998961702,"N"
3333,"N",0.133128773264315,"N"
3334,"N",0.00396924025795699,"N"
3338,"N",0.0293515139501094,"N"
3339,"N",0.00935568937897726,"N"
3342,"Y",0.910246878898906,"Y"
3346,"N",0.0203601951897597,"N"
3354,"N",0.000253726120464329,"N"
3357,"Y",0.294329564375507,"N"
3359,"N",2.49797169926237e-09,"N"
3365,"N",0.0256404842685125,"N"
3367,"N",0.0370955138562234,"N"
3369,"N",6.40219578449171e-10,"N"
3371,"N",2.81807505811734e-09,"N"
3378,"N",0.153335370230924,"N"
3379,"N",0.22801361157381,"N"
3382,"N",0.042396395407762,"N"
3386,"N",2.43880253266039e-09,"N"
3389,"N",0.091833644733867,"N"
3390,"N",0.130453139643215,"N"
3391,"N",0.182843552210009,"N"
3393,"N",0.141571532081458,"N"
3396,"N",0.0570755500904729,"N"
3398,"Y",0.410558029394881,"N"
3402,"N",0.106978118501895,"N"
3403,"N",0.0112620445855997,"N"
3411,"N",0.0379497811081598,"N"
3412,"N",0.0114925643680533,"N"
3418,"N",0.233555832140049,"N"
3419,"N",0.0601076296200872,"N"
3426,"Y",0.10324602021613,"N"
3428,"N",8.85961662079519e-09,"N"
3431,"N",0.00453498959425817,"N"
3432,"N",0.0277269477593922,"N"
3433,"N",0.0966850828594622,"N"
3437,"Y",0.41480595309067,"N"
3439,"N",0.0975187566538723,"N"
3442,"N",0.0169952593216849,"N"
3445,"N",0.0504966477983889,"N"
3446,"N",5.60202654844011e-10,"N"
3447,"N",0.0159759355091655,"N"
3449,"N",0.078183725096259,"N"
3450,"N",0.0705157767482023,"N"
3457,"N",0.178966521913248,"N"
3460,"N",0.00699966795804233,"N"
3468,"N",0.0948681396641166,"N"
3470,"Y",0.131150888433757,"N"
3473,"N",0.0543330648046509,"N"
3478,"N",0.0113715153561532,"N"
3480,"N",1.89590722305865e-09,"N"
3482,"Y",0.779589475030526,"Y"
3484,"N",0.00179964450729696,"N"
3486,"Y",0.927865630534041,"Y"
3489,"N",0.0670208489581211,"N"
3491,"N",0.0299627428620014,"N"
3497,"Y",0.878406595973003,"Y"
3498,"N",0.0053924046137937,"N"
3499,"N",0.00825307163275006,"N"
3500,"N",0.0512103125055055,"N"
3504,"N",0.138248870482282,"N"
3505,"N",0.0236320642757523,"N"
3508,"N",0.00833702751311474,"N"
3509,"N",0.00564694282741033,"N"
3513,"N",0.0414562673484417,"N"
3517,"Y",0.719868709298006,"Y"
3519,"N",0.00846695259219907,"N"
3523,"N",0.00242333517206613,"N"
3524,"N",0.0195864805415825,"N"
3529,"N",0.0337101581073723,"N"
3531,"N",0.0230186188395908,"N"
3536,"N",0.00605765235292422,"N"
3543,"Y",0.952124755435662,"Y"
3544,"Y",0.754369298447693,"Y"
3545,"N",0.0119754657333936,"N"
3546,"N",0.151091730613418,"N"
3554,"Y",0.0243958219927675,"N"
3555,"N",0.200704763677208,"N"
3556,"N",1.79508811544112e-09,"N"
3557,"N",0.66466900319654,"Y"
3565,"N",2.5447920105706e-09,"N"
3566,"N",0.0247771118148143,"N"
3567,"N",0.0477611321140607,"N"
3568,"N",0.0445754379966844,"N"
3573,"N",0.0154625211967087,"N"
3575,"Y",0.12772756206635,"N"
3576,"N",0.0406983937282974,"N"
3578,"N",0.00638006187202427,"N"
3580,"N",0.0227875751468117,"N"
3581,"N",2.41935178303949e-09,"N"
3582,"N",2.69106761670603e-09,"N"
3592,"N",0.0702140762047377,"N"
3598,"N",0.307701780947747,"N"
3599,"N",0.029945474422808,"N"
3601,"N",0.000424678282341622,"N"
3602,"N",0.157831738344612,"N"
3604,"N",0.559031214525612,"Y"
3610,"N",0.0267604361512739,"N"
3615,"N",0.000457894919443489,"N"
3616,"Y",0.774061590044041,"Y"
3617,"N",0.00121561391214528,"N"
3618,"N",0.0109138427352567,"N"
3622,"N",0.0214077747300446,"N"
3623,"N",0.00555205752230365,"N"
3625,"N",0.00565494111097954,"N"
3631,"N",0.031064856430322,"N"
3635,"Y",0.0634129470058035,"N"
3640,"N",0.00869102959145702,"N"
3641,"N",3.18742749561524e-09,"N"
3646,"N",0.00330912324268565,"N"
3654,"N",2.4109421831276e-09,"N"
3655,"N",5.81449309210834e-09,"N"
3662,"N",2.82655436232448e-09,"N"
3668,"Y",0.157895209702293,"N"
3673,"N",0.0874523835043141,"N"
3675,"N",0.00902386238470627,"N"
3679,"N",0.0610163525088437,"N"
3685,"N",2.61954219206705e-09,"N"
3686,"N",0.26517309093645,"N"
3689,"Y",0.960388079639255,"Y"
3690,"N",0.0313736325716018,"N"
3694,"Y",0.941765995903831,"Y"
3701,"N",0.181217309158819,"N"
3706,"Y",0.95007238897172,"Y"
3707,"N",0.445659112670976,"N"
3710,"Y",0.964751216375871,"Y"
3712,"N",0.0902663715075914,"N"
3713,"N",0.239679080988237,"N"
3723,"N",0.0314642136922697,"N"
3728,"N",5.40203303500771e-09,"N"
3731,"Y",0.118774757443596,"N"
3734,"Y",0.348508804911438,"N"
3735,"N",0.110662800954173,"N"
3743,"Y",0.124774287659369,"N"
3745,"Y",0.89111955043881,"Y"
3750,"Y",0.725941893852944,"Y"
3755,"N",0.0073504993981569,"N"
3761,"N",0.0216928331655668,"N"
3765,"Y",0.136302812436609,"N"
3770,"N",0.11474431479303,"N"
3773,"N",0.00122725371021572,"N"
3774,"Y",0.500799963873472,"Y"
3776,"N",0.0067616503622797,"N"
3778,"N",0.0681695783501389,"N"
3779,"N",0.0238621133534195,"N"
3780,"N",0.0124711140285428,"N"
3781,"Y",0.930000138640919,"Y"
3784,"N",0.0554405423791912,"N"
3789,"N",0.00918677616515892,"N"
3792,"N",0.000956068225417524,"N"
3798,"N",0.0452158720008131,"N"
3800,"N",0.0405959988276354,"N"
3801,"N",0.00161155587253289,"N"
3804,"N",2.52841298959765e-09,"N"
3806,"N",0.00315493612620937,"N"
3809,"Y",0.27245590842828,"N"
3817,"N",0.0484392861961519,"N"
3818,"N",3.6310584393764e-09,"N"
3820,"N",2.7503299887699e-09,"N"
3825,"Y",0.91388119520169,"Y"
3826,"Y",0.074727420014834,"N"
3835,"Y",0.441282835958858,"N"
3844,"N",0.130542031360967,"N"
3845,"Y",0.652047356033091,"Y"
3846,"N",0.0270198975272727,"N"
3847,"N",0.0184461678508307,"N"
3848,"N",0.0269789855936704,"N"
3849,"N",0.0307092628679427,"N"
3850,"N",0.0186130423955201,"N"
3851,"Y",0.237771952527741,"N"
3852,"N",0.00921001594092315,"N"
3857,"N",0.130628433017371,"N"
3861,"N",0.139958523025952,"N"
3864,"N",0.0689061625429649,"N"
3868,"N",0.022333958193417,"N"
3869,"Y",0.590210745863805,"Y"
3880,"Y",3.00380778453399e-07,"N"
3881,"N",0.290948028752198,"N"
3882,"Y",0.303819624992311,"N"
3893,"N",0.0185634561648048,"N"
3907,"N",0.000182371695987301,"N"
3908,"Y",0.169310564621689,"N"
3911,"N",0.0275258248541619,"N"
3914,"N",0.0146189166682557,"N"
3915,"N",1.37052814207441e-09,"N"
3920,"N",2.18158898722826e-09,"N"
3922,"N",0.11464548001808,"N"
3925,"N",0.133528081756713,"N"
3930,"N",0.022402926784266,"N"
3931,"N",0.00972893022457305,"N"
3932,"N",0.0622296518416084,"N"
3936,"N",0.0021974016356892,"N"
3946,"N",0.0658729217051623,"N"
3947,"N",0.0054912441113705,"N"
3948,"N",0.106156640565122,"N"
3955,"Y",0.835226528647382,"Y"
3956,"Y",0.737590246379919,"Y"
3957,"N",0.0697955150931449,"N"
3958,"N",0.0164392983749754,"N"
3962,"N",0.0715336402143631,"N"
3963,"N",0.0330115609528412,"N"
3966,"Y",0.637588975908234,"Y"
3967,"Y",0.301369199480814,"N"
3970,"N",3.39982532588692e-09,"N"
3971,"N",0.0206629686475343,"N"
3972,"N",0.026342060815495,"N"
3973,"N",0.043546457358418,"N"
3975,"Y",0.813957006671309,"Y"
3978,"N",0.297191567617937,"N"
3981,"N",0.0388125784010726,"N"
3985,"N",0.055057202879221,"N"
3989,"N",0.0236188300088313,"N"
3991,"N",0.00369730665540582,"N"
3993,"N",0.100884563463217,"N"
3994,"N",0.0163212230636622,"N"
3996,"N",0.00925611581416375,"N"
4000,"N",9.88797984237029e-10,"N"
4003,"N",2.0715075527299e-09,"N"
4006,"N",4.58099726863871e-09,"N"
4007,"N",0.0499044417963803,"N"
4010,"N",0.0815247199812928,"N"
4011,"N",0.0105708099205356,"N"
4012,"Y",0.0248073492966985,"N"
4018,"Y",0.846678324394281,"Y"
4020,"Y",0.00504040862240955,"N"
4025,"N",0.0341602637593164,"N"
4026,"N",0.0113361395443163,"N"
4028,"N",0.177072135417487,"N"
4037,"N",0.0420369079585201,"N"
4038,"N",0.11979046016019,"N"
4039,"N",0.00445516336720729,"N"
4041,"N",0.045203607215272,"N"
4042,"N",0.591750979889614,"Y"
4043,"N",0.0106414606417281,"N"
4044,"N",0.793508290499808,"Y"
4047,"N",0.0101352764663489,"N"
4056,"Y",0.852056222542914,"Y"
4058,"N",0.00963806732938419,"N"
4073,"N",0.158596929375574,"N"
4088,"N",0.00356001427848663,"N"
4089,"N",0.0570310035795448,"N"
4091,"N",0.117249971583819,"N"
4102,"N",0.0414833017035296,"N"
4104,"N",0.0845573138363838,"N"
4108,"N",0.160508493057776,"N"
4111,"N",0.041401555333022,"N"
4112,"N",0.0716448062405232,"N"
4114,"N",0.0135663308329771,"N"
4119,"N",0.0690520377980127,"N"
4121,"N",1.96287335376356e-09,"N"
4127,"N",0.0258390198876817,"N"
4131,"N",2.74918075908164e-09,"N"
4134,"N",0.487507689660368,"N"
4149,"N",0.0243678071926607,"N"
4151,"N",5.10677548710419e-09,"N"
4153,"N",0.0143476926752774,"N"
4154,"Y",0.704511056236338,"Y"
4156,"N",0.0112783012047332,"N"
4158,"N",0.0381436646885652,"N"
4160,"N",7.88784978778469e-11,"N"
4161,"N",0.00491068910482275,"N"
4162,"N",0.000923246400474949,"N"
4164,"N",0.0130950520876149,"N"
4170,"N",0.099991121725002,"N"
4172,"N",0.026600686962513,"N"
4173,"Y",0.226264424700252,"N"
4176,"Y",0.836448631753156,"Y"
4178,"Y",0.506727974798678,"Y"
4180,"N",5.5054062740899e-10,"N"
4181,"Y",0.719601867347603,"Y"
4184,"N",0.015585664337451,"N"
4185,"N",0.169698010037466,"N"
4189,"Y",0.668935243464451,"Y"
4195,"N",0.0753091140036761,"N"
4201,"N",0.00340225684904825,"N"
4204,"N",2.63328051878854e-09,"N"
4207,"N",3.20956075108219e-09,"N"
4208,"N",0.0151364442222769,"N"
4209,"N",0.00732465696195106,"N"
4210,"N",0.0113744636457606,"N"
4214,"N",0.0253036993008021,"N"
4217,"N",0.372054252527725,"N"
4219,"N",0.263237857133714,"N"
4220,"N",8.63040578837208e-10,"N"
4225,"N",0.0195689173687382,"N"
4228,"N",7.98042781964122e-09,"N"
4231,"N",0.0128378610174121,"N"
4237,"N",0.162408808119285,"N"
4241,"N",0.311888694891,"N"
4243,"N",0.20116253201508,"N"
4247,"N",0.0931638319732035,"N"
4248,"Y",0.742115140523304,"Y"
4255,"Y",0.165552248339375,"N"
4256,"N",0.0216682546441632,"N"
4258,"N",0.153861224038274,"N"
4259,"N",0.0646500212073282,"N"
4261,"N",0.104604342457277,"N"
4264,"N",0.101904935095479,"N"
4267,"N",0.193195132599506,"N"
4271,"N",0.0193558198833443,"N"
4273,"N",0.0417667174065142,"N"
4275,"N",0.011962311879898,"N"
4276,"N",0.464825579389215,"N"
4283,"N",0.0609544160894021,"N"
4302,"N",0.0427969848447056,"N"
4304,"N",0.655378566267239,"Y"
4305,"N",0.0662283317436795,"N"
4307,"N",8.24260361432293e-10,"N"
4322,"N",1.41074137770974e-08,"N"
4323,"N",1.39454140781024e-10,"N"
4324,"Y",0.847439691549887,"Y"
4329,"N",0.010921937713731,"N"
4330,"N",2.0492971237399e-09,"N"
4331,"N",0.237026833673893,"N"
4334,"N",0.118284404209196,"N"
4337,"N",0.0371104400756131,"N"
4344,"N",0.0570054900138586,"N"
4346,"Y",0.954314621566602,"Y"
4349,"N",0.0873260294277795,"N"
4351,"N",0.0201659389865408,"N"
4353,"N",2.21168079330299e-09,"N"
4357,"N",0.0517929213255672,"N"
4360,"N",0.00333032526471931,"N"
4361,"N",0.110256569858488,"N"
4362,"Y",0.875901449892417,"Y"
4363,"Y",0.886728665210516,"Y"
4364,"Y",0.165679455050807,"N"
4369,"N",0.0143716400580443,"N"
4370,"N",0.203307688310849,"N"
4371,"Y",0.94122022484145,"Y"
4372,"Y",0.817522263312217,"Y"
4374,"N",0.00815207365848042,"N"
4378,"N",0.0626399406767407,"N"
4381,"N",0.695637051119075,"Y"
4382,"N",0.0959825881009399,"N"
4385,"N",0.762206164521519,"Y"
4386,"N",0.11507380872077,"N"
4387,"Y",0.28036789310264,"N"
4388,"N",0.032506429467556,"N"
4389,"N",4.55832674313759e-09,"N"
4390,"N",0.0456236953006807,"N"
4391,"N",0.0327475607628226,"N"
4393,"N",0.874438249908827,"Y"
4401,"N",0.0901226501735115,"N"
4405,"N",2.8953731532235e-09,"N"
4406,"N",0.0317944280122719,"N"
4411,"N",1.68520970481246e-10,"N"
4412,"N",0.0652948786596391,"N"
4415,"Y",0.383189977599121,"N"
4419,"N",0.00894166289646066,"N"
4424,"N",0.146064472519377,"N"
4426,"N",0.0728474814311829,"N"
4427,"N",0.0248785566374424,"N"
4432,"N",3.88008296173452e-09,"N"
4435,"N",0.107349952770377,"N"
4437,"Y",0.848798462343454,"Y"
4438,"N",0.0203060957362895,"N"
4442,"N",0.0627151780384911,"N"
4444,"Y",0.644187862138158,"Y"
4451,"Y",0.944943378504331,"Y"
4454,"N",0.0188743022348135,"N"
4463,"N",0.0162190071754398,"N"
4465,"Y",0.343290487558411,"N"
4466,"N",0.4446765187808,"N"
4473,"N",0.00554371723452269,"N"
4477,"N",3.62415490975547e-09,"N"
4488,"N",0.00411986845455205,"N"
4490,"N",0.0374977640657068,"N"
4501,"N",0.298227651088711,"N"
4504,"N",0.227423666359701,"N"
4511,"N",0.0734277714626317,"N"
4514,"N",0.0539950303679225,"N"
4515,"N",3.69690129725651e-09,"N"
4518,"N",0.0469370454563628,"N"
4523,"N",0.0121520268070396,"N"
4524,"N",0.0155765767279847,"N"
4525,"N",0.0135547885152842,"N"
4535,"N",0.131792221798044,"N"
4540,"Y",0.0874406397248296,"N"
4543,"Y",0.632041037219468,"Y"
4545,"N",0.0800139487051015,"N"
4546,"Y",0.683985122934945,"Y"
4547,"N",1.29285191002345e-09,"N"
4548,"N",2.27493239606586e-09,"N"
4561,"N",0.0815396196894788,"N"
4562,"N",0.0378152522374731,"N"
4564,"N",0.0016063028086971,"N"
4568,"N",0.0138235333437561,"N"
4569,"N",0.0478018309282507,"N"
4573,"N",0.0523321802546221,"N"
4575,"N",0.00864327166106901,"N"
4580,"N",0.00324438476117097,"N"
4589,"N",0.0432401148644328,"N"
4594,"N",0.0613975998087209,"N"
4597,"N",0.77772777680133,"Y"
4598,"N",1.38265046715524e-09,"N"
4599,"N",1.48086167969462e-10,"N"
4601,"N",5.39385920835859e-09,"N"
4603,"Y",0.109708978087837,"N"
4610,"N",0.116827330211143,"N"
4615,"N",1.70566534007274e-09,"N"
4616,"N",3.89815288397166e-09,"N"
4623,"N",0.00804963620588194,"N"
4626,"N",3.56191997072255e-09,"N"
4628,"N",3.17013559425715e-09,"N"
4629,"N",0.0303189871157172,"N"
4641,"N",2.20537906266051e-09,"N"
4643,"N",0.135456423744622,"N"
4644,"N",0.00382258628023739,"N"
4646,"N",0.27607351383693,"N"
4649,"N",0.0109608612180444,"N"
4652,"N",0.00805947031638871,"N"
4659,"N",0.020421312057621,"N"
4663,"N",0.0134847582217919,"N"
4665,"N",0.0115111048988302,"N"
4667,"N",0.077317345756187,"N"
4670,"N",0.0169175512144905,"N"
4672,"N",0.00610858171729162,"N"
4675,"N",0.0692019132708076,"N"
4676,"N",4.40653143768633e-09,"N"
4683,"N",0.0633754305208367,"N"
4687,"N",0.0145012131340901,"N"
4689,"N",0.119071531699552,"N"
4690,"N",1.57326093810958e-10,"N"
4691,"N",0.0057560588880134,"N"
4694,"Y",0.70471204372711,"Y"
4695,"N",0.263849001127242,"N"
4697,"N",0.0674610540288845,"N"
4698,"N",1.78841564428285e-09,"N"
4699,"N",0.386766364669017,"N"
4705,"N",0.0210757398565706,"N"
4706,"N",3.53045122635039e-09,"N"
4707,"N",0.143026362269148,"N"
4712,"Y",0.163233556520345,"N"
4714,"N",0.0247552729352454,"N"
4715,"N",0.0385859197500155,"N"
4717,"N",0.0118460623402936,"N"
4718,"N",0.0954146044571939,"N"
4719,"N",3.25163624183691e-09,"N"
4721,"Y",0.00327332372759448,"N"
4722,"N",0.0609225380278156,"N"
4723,"N",3.01589464716931e-09,"N"
4725,"Y",0.869798925144261,"Y"
4726,"N",0.0445228237147473,"N"
4727,"N",0.0319764248615485,"N"
4729,"Y",0.965613359489939,"Y"
4731,"N",0.0784560738382933,"N"
4736,"N",0.241319680316363,"N"
4738,"N",0.362582216647485,"N"
4743,"Y",0.612768276414277,"Y"
4746,"N",0.0848452619255701,"N"
4747,"Y",0.944618788611522,"Y"
4751,"N",0.805362298142114,"Y"
4756,"N",0.141090088390134,"N"
4760,"Y",0.971297055363714,"Y"
4763,"N",0.840675677164096,"Y"
4767,"N",0.259520902744794,"N"
4770,"N",0.0715957003315694,"N"
4771,"N",0.820470390000342,"Y"
4773,"N",3.68600847068495e-09,"N"
4778,"N",0.0869153462221567,"N"
4789,"N",0.0492357477259829,"N"
4791,"N",0.000269605305997158,"N"
4793,"N",0.120203416703549,"N"
4794,"N",0.750744751716747,"Y"
4795,"Y",0.182374739885305,"N"
4799,"N",0.940101198113404,"Y"
4800,"N",0.0103481854741616,"N"
4802,"Y",0.907182610365124,"Y"
4803,"N",0.0127397276669865,"N"
4807,"N",0.0731904470962599,"N"
4808,"N",0.0169299065378232,"N"
4813,"N",0.0509492708387978,"N"
4817,"N",0.000321116442714705,"N"
4818,"N",0.0674993148051792,"N"
4823,"N",9.69333824009625e-09,"N"
4824,"N",2.66650990676147e-09,"N"
4828,"N",0.053638072594451,"N"
4829,"N",4.78001067221378e-09,"N"
4831,"N",0.0250069098837676,"N"
4832,"N",0.00305286451524909,"N"
4833,"Y",0.447755943548816,"N"
4837,"N",0.0113232003879774,"N"
4838,"N",0.0918164018807938,"N"
4840,"N",3.70402887500837e-09,"N"
4841,"N",0.00245918669519662,"N"
4847,"N",0.157484309804241,"N"
4856,"N",0.0568004918791851,"N"
4860,"N",2.99618180176611e-09,"N"
4862,"N",3.30295600611295e-09,"N"
4868,"N",0.379077176252241,"N"
4872,"N",0.220561798101882,"N"
4875,"N",0.0137871288114304,"N"
4888,"N",0.054619960250759,"N"
4891,"N",0.0818341942203747,"N"
4895,"N",0.106267262257165,"N"
4896,"N",0.0307513890137643,"N"
4897,"N",0.0226156424560045,"N"
4899,"N",0.389939241089772,"N"
4900,"N",0.734063557860003,"Y"
4901,"N",0.0537585920520357,"N"
4906,"N",7.32550840118551e-09,"N"
4908,"N",2.60112463787088e-09,"N"
4909,"N",0.0171310039135757,"N"
4910,"N",0.0196829784190576,"N"
4911,"N",0.398791585981927,"N"
4917,"N",0.222174025255304,"N"
4918,"N",2.3288368121963e-09,"N"
4920,"N",0.0135082303428904,"N"
4921,"N",0.00906129083152644,"N"
4923,"N",2.05871032934316e-09,"N"
4929,"N",0.835914299995174,"Y"
4931,"N",0.00147837307053399,"N"
4936,"Y",0.956589489420176,"Y"
4937,"N",0.199125884598744,"N"
4943,"N",0.960520058038517,"Y"
4946,"N",0.0491457746237289,"N"
4948,"N",3.09189518124504e-09,"N"
4952,"N",0.0131663565162316,"N"
4956,"N",0.0181870000935374,"N"
4957,"Y",0.73411327639642,"Y"
4963,"N",0.0246513350407654,"N"
4965,"Y",0.838764512988613,"Y"
4969,"N",0.0209071846663775,"N"
4971,"Y",0.80943208040408,"Y"
4974,"N",2.08187500744505e-09,"N"
4977,"N",0.0363372672911932,"N"
4978,"N",0.220141179982229,"N"
4990,"N",0.152479611118488,"N"
4992,"N",2.18669552520703e-09,"N"
4993,"Y",0.91888601937877,"Y"
4996,"N",0.1200412568273,"N"
5007,"N",0.00516772283385527,"N"
5012,"N",0.00559511645350884,"N"
5018,"N",0.106505202679628,"N"
5021,"Y",0.889732491849066,"Y"
5024,"N",0.159958977009103,"N"
5027,"N",0.0353818304180248,"N"
5029,"N",8.15175580091263e-11,"N"
5030,"N",0.0544434224772846,"N"
5031,"N",0.0470056443921104,"N"
5035,"N",0.0229696932268992,"N"
5037,"N",0.0226183680700106,"N"
5038,"Y",0.287060058178835,"N"
5049,"Y",0.706171862839409,"Y"
5053,"N",0.0196447472707768,"N"
5054,"N",0.116936202217888,"N"
5057,"N",0.0389222122520054,"N"
5068,"N",2.26664172684731e-09,"N"
5069,"N",0.228038277419499,"N"
5086,"N",0.0463412423022379,"N"
5091,"N",0.240139033974897,"N"
5095,"N",0.000183674378611197,"N"
5096,"N",0.0299085659937717,"N"
5098,"N",2.36885845193421e-09,"N"
5100,"N",0.0518331983852977,"N"
5101,"Y",0.822900419343218,"Y"
5103,"N",0.126112309352963,"N"
5105,"N",2.01765137372081e-09,"N"
5106,"N",0.100352567537695,"N"
5107,"N",3.36533516136004e-09,"N"
5113,"N",0.00706728555720513,"N"
5115,"N",2.92440265939232e-09,"N"
5118,"N",0.00687186574849821,"N"
5119,"N",2.2883354412974e-09,"N"
5120,"Y",0.729459833404288,"Y"
5122,"Y",0.909074181889639,"Y"
5124,"N",0.0278468291175075,"N"
5127,"N",0.324207085073151,"N"
5129,"N",2.23725231735676e-09,"N"
5132,"N",0.0220130411979404,"N"
5133,"N",0.00815148718837275,"N"
5135,"Y",0.827994933519469,"Y"
5150,"N",0.131614715392257,"N"
5156,"Y",0.137116244260721,"N"
5160,"N",0.0122130076088915,"N"
5163,"Y",0.778311991887635,"Y"
5169,"N",0.0341293053846763,"N"
5172,"N",1.0994380973763e-09,"N"
5176,"N",0.0625960405359466,"N"
5183,"N",3.62170912870938e-09,"N"
5184,"N",2.46141358864661e-09,"N"
5188,"N",1.28037296000729e-08,"N"
5189,"N",0.151949862326595,"N"
5192,"N",0.0167267623162223,"N"
5194,"N",0.100246881991221,"N"
5195,"N",3.14665156116298e-09,"N"
5197,"N",3.96478422737169e-10,"N"
5202,"N",2.04464560770468e-09,"N"
5205,"N",2.20038675315582e-09,"N"
5209,"Y",0.937935050391908,"Y"
5219,"N",0.277188212834145,"N"
5221,"Y",0.989494454915762,"Y"
5222,"Y",0.987681972979812,"Y"
5223,"Y",0.982388685536404,"Y"
5224,"N",0.0717945871924762,"N"
5226,"N",0.144361066686434,"N"
5232,"N",0.468329276482016,"N"
5233,"N",0.0446850095534857,"N"
5234,"N",0.217524039360358,"N"
5235,"Y",0.902059914608299,"Y"
5237,"N",0.244256267966844,"N"
5241,"N",0.0650164829866487,"N"
5244,"N",0.636951586154744,"Y"
5245,"Y",0.953919468347221,"Y"
5252,"N",0.0468742285027779,"N"
5255,"N",0.0221622003359039,"N"
5263,"N",0.0591373389628743,"N"
5270,"N",0.0457490555051158,"N"
5280,"N",0.0451481062345875,"N"
5282,"N",7.58754019645854e-09,"N"
5291,"N",0.0729933924912549,"N"
5292,"N",3.04557558260145e-09,"N"
5295,"N",3.91706741997784e-09,"N"
5296,"N",0.0752062772471333,"N"
5300,"Y",0.912519510366031,"Y"
5304,"N",0.00379131090319703,"N"
5307,"N",0.5662658641737,"Y"
5310,"Y",0.811784843722197,"Y"
5313,"N",0.120284690874779,"N"
5317,"N",0.747144186755619,"Y"
5318,"N",5.50510524626908e-09,"N"
5319,"N",0.0704282475877965,"N"
5322,"N",3.15227925907364e-09,"N"
5328,"Y",0.95431293497075,"Y"
5329,"Y",0.899752199386691,"Y"
5333,"N",0.197547825924783,"N"
5337,"N",0.121300957185247,"N"
5339,"N",0.0359040854354399,"N"
5341,"N",0.140877787930992,"N"
5346,"N",0.699058783846317,"Y"
5349,"Y",0.876057504124366,"Y"
5351,"N",0.00419412569053015,"N"
5354,"Y",0.583027093626639,"Y"
5355,"N",0.0465224073927605,"N"
5360,"N",0.027744112141662,"N"
5361,"N",0.000838530765291427,"N"
5362,"N",0.012791764295914,"N"
5363,"N",0.319308338029691,"N"
5367,"N",0.854140808609116,"Y"
5368,"N",0.0221749754942124,"N"
5369,"N",0.00194779624909085,"N"
5370,"Y",0.817865605614324,"Y"
5372,"N",0.449900006931215,"N"
5373,"N",0.086202976514886,"N"
5376,"N",0.197749637710342,"N"
5382,"N",0.0841245668986779,"N"
5387,"Y",0.671706682518407,"Y"
5400,"N",0.0211421039176977,"N"
5401,"N",0.00889637189070819,"N"
5402,"N",1.67410645889903e-09,"N"
5404,"N",0.00657336363785838,"N"
5412,"N",0.095139912752941,"N"
5413,"N",0.086486417964743,"N"
5417,"N",0.107355548218366,"N"
5423,"Y",0.77860730394715,"Y"
5424,"N",0.210951733257476,"N"
5425,"N",0.0264304762682353,"N"
5430,"N",0.101029352573256,"N"
5433,"N",0.132174836337627,"N"
5436,"Y",0.854860874962264,"Y"
5438,"Y",0.603403019751199,"Y"
5441,"N",0.00492160755163704,"N"
5442,"N",0.0193496023260413,"N"
5448,"N",0.053723257277374,"N"
5453,"N",0.0676783974096337,"N"
5455,"N",0.0366677955104872,"N"
5457,"N",0.117928489281831,"N"
5459,"N",0.0177585793972305,"N"
5461,"Y",0.224696222335245,"N"
5466,"N",0.734130449313637,"Y"
5480,"N",0.110797771843509,"N"
5483,"N",0.0148484854998407,"N"
5484,"N",0.101202048453998,"N"
5486,"Y",1.21514846810317e-08,"N"
5487,"N",0.235362126057434,"N"
5492,"Y",0.434730200516503,"N"
5502,"Y",0.977920841813773,"Y"
5503,"Y",0.945566562773275,"Y"
5504,"Y",0.218341204615058,"N"
5506,"N",0.033792896722107,"N"
5507,"N",0.284018544006884,"N"
5510,"N",0.0468222739534708,"N"
5522,"N",0.0474518210171857,"N"
5525,"N",0.0877942182093439,"N"
5526,"N",0.0899829819085518,"N"
5528,"N",0.170833906874914,"N"
5530,"N",3.90612271005266e-09,"N"
5533,"Y",0.775098963868386,"Y"
5534,"N",0.336550658059422,"N"
5537,"N",0.228304486273756,"N"
5538,"Y",0.76863902923392,"Y"
5542,"N",0.152928374863947,"N"
5551,"N",0.0136284090393814,"N"
5555,"N",0.0425776431289822,"N"
5559,"N",1.43595562357152e-09,"N"
5561,"N",0.0974406882261606,"N"
5562,"N",0.0142932586746954,"N"
5567,"N",0.488764698666451,"N"
5573,"Y",0.121689488259541,"N"
5580,"N",2.19627003043401e-09,"N"
5581,"N",3.75930754944333e-09,"N"
5582,"N",3.41420182037234e-09,"N"
5585,"N",0.0530253817407081,"N"
5591,"N",0.0415640491919266,"N"
5593,"N",0.057236412851567,"N"
5594,"N",0.00559954443789478,"N"
5596,"N",3.08649335131604e-09,"N"
5602,"N",0.0362896592920418,"N"
5606,"N",0.404458980699687,"N"
5607,"N",2.80295011160692e-09,"N"
5608,"N",3.07440650769009e-09,"N"
5614,"N",0.0140422143675946,"N"
5619,"Y",0.122141497726373,"N"
5624,"N",0.0190088396835369,"N"
5628,"N",0.00447050529535681,"N"
5631,"N",0.00289313852294594,"N"
5632,"Y",0.886606461561799,"Y"
5634,"N",0.0213390474395514,"N"
5636,"Y",0.873688544342044,"Y"
5638,"N",0.143426486324399,"N"
5643,"N",0.0446290762916596,"N"
5647,"N",0.0208689776231522,"N"
5650,"N",0.012372220775674,"N"
5654,"Y",0.869019789204868,"Y"
5658,"Y",0.657613170787833,"Y"
5660,"N",0.00929660539143264,"N"
5662,"N",3.42686816232395e-09,"N"
5663,"N",0.0947026917835922,"N"
5665,"Y",0.661164728427994,"Y"
5666,"N",4.19133228184592e-09,"N"
5680,"N",0.0484451521594752,"N"
5682,"N",0.0229257994415887,"N"
5683,"N",0.0101929945529969,"N"
5685,"N",1.27732196449083e-09,"N"
5688,"N",0.016811241815052,"N"
5689,"N",1.68700218059816e-09,"N"
5690,"Y",0.822254159110932,"Y"
5693,"Y",0.979426027387707,"Y"
5694,"N",0.131107748692414,"N"
5695,"Y",0.929537459403287,"Y"
5696,"N",0.54914177829376,"Y"
5700,"N",5.500293521985e-09,"N"
5703,"Y",0.298166124731117,"N"
5713,"N",0.178429491229825,"N"
5714,"N",5.01444076789072e-09,"N"
5721,"N",0.0102859417816367,"N"
5724,"N",0.200596430296926,"N"
5730,"Y",0.236144228969832,"N"
5734,"N",0.016468649691341,"N"
5735,"N",0.228477246920676,"N"
5739,"N",0.00744375263980287,"N"
5742,"N",2.30741140179609e-09,"N"
5744,"Y",0.947342585812407,"Y"
5749,"N",0.0223026359341658,"N"
5750,"N",0.096552826472135,"N"
5753,"N",0.0513364973877919,"N"
5755,"N",0.0868465386543838,"N"
5757,"N",0.0420713914475281,"N"
5759,"N",2.58627203521762e-09,"N"
5761,"N",0.146926036106026,"N"
5764,"N",0.0445183158023921,"N"
5767,"N",0.00429812845702807,"N"
5771,"N",0.0794985245843006,"N"
5772,"N",0.0269418625333547,"N"
5776,"N",0.0657705278620408,"N"
5777,"N",0.0347891168870148,"N"
5781,"N",0.919959544158575,"Y"
5788,"N",0.023476439788798,"N"
5790,"N",0.148156292147887,"N"
5792,"N",2.2187828638306e-09,"N"
5798,"N",7.01247399990734e-10,"N"
5799,"N",0.101066381887428,"N"
5801,"Y",0.930857251191466,"Y"
5807,"N",4.12158126980774e-09,"N"
5808,"N",0.0832452022306256,"N"
5813,"N",4.95738879982759e-09,"N"
5814,"N",3.40135922760373e-09,"N"
5817,"N",0.00661718727379671,"N"
5822,"N",0.0751008268648265,"N"
5824,"N",0.0402228696467003,"N"
5830,"N",2.98372254226098e-09,"N"
5831,"N",0.0436553363334405,"N"
5832,"N",0.211063084262422,"N"
5833,"N",0.0465898914004028,"N"
5837,"N",0.0726501894382953,"N"
5840,"N",0.78212765206054,"Y"
5841,"N",6.51126880049003e-09,"N"
5843,"N",0.00452569695867547,"N"
5845,"N",0.0467844065841098,"N"
5847,"N",0.445890335074052,"N"
5850,"N",0.153276636270671,"N"
5855,"Y",0.0280011590386154,"N"
5858,"N",0.015637452941891,"N"
5859,"Y",0.902316168021621,"Y"
5865,"N",1.02052992857151e-09,"N"
5868,"Y",0.76572415283554,"Y"
5871,"N",0.016565906891559,"N"
5876,"N",0.0426940351322916,"N"
5877,"N",0.0647820083411217,"N"
5878,"N",3.18203386084333e-09,"N"
5879,"N",1.93680235689344e-09,"N"
5880,"N",0.0744217539769087,"N"
5888,"N",3.35996040271077e-09,"N"
5890,"N",3.8136416580888e-09,"N"
5891,"N",0.106787316973801,"N"
5894,"N",0.0484869042712461,"N"
5895,"N",0.00983757177081776,"N"
5896,"N",0.0536621680350888,"N"
5898,"N",0.017813052701033,"N"
5899,"N",0.00653303450488415,"N"
5902,"N",0.0103911300576261,"N"
5904,"N",1.94337788915115e-09,"N"
5907,"Y",0.8727440483096,"Y"
5912,"N",0.0814464363144647,"N"
5914,"N",0.0716581907816234,"N"
5919,"N",0.0558931948653482,"N"
5923,"Y",0.273555332404264,"N"
5924,"N",0.0933593003304323,"N"
5925,"Y",0.0336551527834543,"N"
5930,"N",9.02337703583294e-10,"N"
5931,"N",0.0520251838103628,"N"
5933,"N",0.0268306387420868,"N"
5936,"N",0.0582298549254426,"N"
5945,"Y",0.590888377527508,"Y"
5951,"N",0.121820456845931,"N"
5952,"N",0.0169267511727888,"N"
5954,"N",4.40966476130383e-09,"N"
5956,"N",0.021479405235811,"N"
5958,"Y",0.791861850538163,"Y"
5965,"N",0.013383872822595,"N"
5968,"N",0.878850181205701,"Y"
5971,"N",1.49694584433157e-09,"N"
5975,"N",0.0134150194946519,"N"
5980,"N",4.06199919612961e-09,"N"
5982,"N",0.0575046077173551,"N"
5983,"N",0.0564838246891707,"N"
5985,"N",3.89478359835495e-09,"N"
5987,"N",2.70813891835444e-09,"N"
6004,"N",0.000892243912004161,"N"
6010,"N",0.056923423724053,"N"
6012,"N",0.00188219341069353,"N"
6013,"Y",0.383272583948049,"N"
6016,"N",0.149995387533799,"N"
6017,"N",0.00307556824856013,"N"
6018,"N",0.000351413247890328,"N"
6030,"Y",0.377281213899975,"N"
6032,"N",0.02321209633873,"N"
6037,"N",0.0835567539579849,"N"
6043,"N",0.0113483371188064,"N"
6045,"N",2.52173521026815e-09,"N"
6046,"N",0.585455880620616,"Y"
6047,"N",0.0223160663483892,"N"
6053,"N",0.115186095393099,"N"
6054,"N",0.0504871527959583,"N"
6057,"Y",0.501905462549367,"Y"
6058,"N",0.0057908386795006,"N"
6061,"N",0.0234809994290932,"N"
6062,"N",7.03600259599759e-10,"N"
6063,"Y",0.909324325085321,"Y"
6067,"N",0.758502943018579,"Y"
6068,"Y",0.779780662560344,"Y"
6070,"N",0.0350510231041319,"N"
6076,"N",2.5052284522866e-09,"N"
6077,"N",2.09385706173896e-09,"N"
6078,"N",0.0069989083898596,"N"
6079,"N",7.62939717110309e-09,"N"
6081,"N",7.33509872305297e-10,"N"
6082,"N",0.136215916192109,"N"
6086,"N",0.0356372960983686,"N"
6087,"N",0.105653245601733,"N"
6089,"N",0.0175380169690548,"N"
6096,"N",0.0132381057764205,"N"
6103,"N",2.41992423541312e-09,"N"
6107,"N",3.91632266068888e-09,"N"
6108,"N",0.0148194106237528,"N"
6111,"N",0.0462257353098768,"N"
6117,"N",0.0239778878950714,"N"
6119,"N",1.75288672979176e-09,"N"
6120,"N",0.116720213490444,"N"
6121,"N",0.0371636486462849,"N"
6125,"N",0.00947003983355943,"N"
6130,"N",0.171527700997429,"N"
6131,"N",0.0066409379109088,"N"
6132,"N",0.0606150884898332,"N"
6134,"N",0.0325113697617974,"N"
6136,"N",0.0465729395527616,"N"
6138,"N",0.0351399572451119,"N"
6140,"N",0.0179530008428902,"N"
6145,"N",0.0102213274341276,"N"
6149,"N",0.0753407655215946,"N"
6150,"N",0.112773697023692,"N"
6153,"Y",0.639852059459513,"Y"
6163,"N",1.02796973748459e-08,"N"
6170,"N",0.18602663553799,"N"
6179,"N",0.0628284673224614,"N"
6180,"N",2.80798451392734e-09,"N"
6198,"Y",0.832372394546036,"Y"
6202,"Y",0.926828498196604,"Y"
6207,"N",2.49520052994795e-07,"N"
6222,"N",0.0817923063707028,"N"
6226,"N",0.0789580341563868,"N"
6233,"N",0.111655852392775,"N"
6237,"N",0.381478645086697,"N"
6244,"N",6.14419464844782e-10,"N"
6245,"N",0.00835813609558572,"N"
6252,"Y",0.288532405049162,"N"
6253,"Y",0.552608674603396,"Y"
6262,"N",0.0124202438402875,"N"
6270,"N",0.0233385213699716,"N"
6274,"N",0.0353929313049396,"N"
6276,"N",0.867202495367617,"Y"
6280,"N",0.115459203433746,"N"
6287,"N",0.0508414557519136,"N"
6293,"N",7.51908772131534e-09,"N"
6297,"N",0.105200506771764,"N"
6302,"N",0.034552263059805,"N"
6307,"N",3.03501700542583e-09,"N"
6309,"N",0.0106247997222052,"N"
6310,"N",4.1806286663747e-09,"N"
6312,"N",0.179159379853071,"N"
6313,"Y",0.90283711258829,"Y"
6315,"Y",0.886135036723427,"Y"
6316,"N",0.118614663904681,"N"
6317,"Y",0.948472286963849,"Y"
6318,"Y",0.872557609274254,"Y"
6320,"N",1.93244827861101e-09,"N"
6321,"N",0.00863341732403612,"N"
6322,"N",2.54990277359785e-09,"N"
6323,"N",0.0169899184590764,"N"
6324,"N",0.0510127800064523,"N"
6327,"Y",0.222970568643135,"N"
6338,"N",0.100925381900305,"N"
6343,"N",0.0063235422564852,"N"
6351,"N",0.482768529725551,"N"
6352,"N",0.00253837675661804,"N"
6359,"N",1.42498833955154e-09,"N"
6364,"N",0.4620610473836,"N"
6370,"Y",0.837716901360901,"Y"
6371,"N",1.97646321217822e-09,"N"
6374,"N",0.0611293917880594,"N"
6382,"N",2.21863695248605e-09,"N"
6383,"N",0.0126299464090292,"N"
6385,"Y",0.94252336699036,"Y"
6388,"N",0.0175935968859662,"N"
6393,"N",1.20942141457164e-09,"N"
6397,"N",0.00914065761053615,"N"
6398,"Y",0.707346391331432,"Y"
6400,"N",0.605040104781619,"Y"
6401,"N",0.0764095780563038,"N"
6402,"N",0.00531770193114616,"N"
6406,"N",2.3781151929097e-09,"N"
6407,"N",0.064608503643078,"N"
6408,"N",0.124684637553247,"N"
6409,"N",0.761256068715968,"Y"
6410,"N",0.112145914887845,"N"
6412,"N",0.822280101501774,"Y"
6418,"N",0.0394969784123143,"N"
6421,"N",0.00187463372506428,"N"
6423,"N",0.0193075633637992,"N"
6425,"Y",0.910796125487535,"Y"
6429,"N",1.31496155214077e-08,"N"
6430,"N",0.00474208506087631,"N"
6434,"N",6.94117843195393e-09,"N"
6435,"N",0.568130280397992,"Y"
6439,"N",0.00541326434624314,"N"
6440,"N",0.333892575102332,"N"
6443,"N",3.37906838222865e-09,"N"
6446,"Y",0.953245515400039,"Y"
6448,"Y",0.718200767708197,"Y"
6449,"Y",0.789184720622944,"Y"
6450,"Y",0.19625798953376,"N"
6459,"N",0.0770909516055691,"N"
6462,"N",6.07293794424108e-10,"N"
6463,"N",0.0139926567313557,"N"
6465,"N",0.000599502823027218,"N"
6471,"N",0.0251169935359738,"N"
6473,"N",0.0397338203420594,"N"
6475,"N",0.0124253960444622,"N"
6476,"N",0.0838682979354832,"N"
6477,"N",0.0111473883994843,"N"
6479,"N",0.93997067270447,"Y"
6481,"N",4.96358255136274e-09,"N"
6487,"N",0.13972243208193,"N"
6489,"N",0.0423373414374257,"N"
6490,"N",0.241051321630624,"N"
6494,"N",3.35425864862132e-09,"N"
6498,"Y",0.128883355474665,"N"
6499,"N",0.401234363141434,"N"
6503,"N",1.96510243095649e-09,"N"
6504,"N",0.0488391786400316,"N"
6505,"N",0.0267332126416702,"N"
6507,"N",0.0243364828283343,"N"
6512,"N",0.0271332622032417,"N"
6517,"Y",0.440679041664471,"N"
6522,"Y",0.797957894955032,"Y"
6528,"N",0.36449228130108,"N"
6530,"N",5.12965527117645e-09,"N"
